age,gender,region,plan_tier,payment_type,device_os,app_version_lag_weeks,support_ticket,satisfaction_survey,notification_opt_in,email_opened_last,app_crashes_30d,weeks_since_signup,home_charging_access,charging_sessions_12w,avg_kwh_per_session,peak_share,charger_fault_rate,avg_wait_minutes,refund_request_last12w,price_change_exposed,payment_failure_last4w,weeks_since_last_charge,user_ID,retained_binary
39,Prefer Not to Answer / Other / Unknown,Canterbury,Basic,GooglePay,Android,1,NotLast3Months,2,FALSE,FALSE,0,2 weeks,FALSE,5,27.7 kWh,31%,0.70%,19 mins,FALSE,TRUE,FALSE,2 weeks,KC1000001,1
31,Female,Wellington,Basic,ApplePay,Android,5,NotLast3Months,4,TRUE,FALSE,4,12 weeks,TRUE,3,24.3 kWh,52%,3.40%,23 mins,FALSE,FALSE,FALSE,8 weeks,KC1000002,1
58,Female,Auckland,Plus,ApplePay,Android,1,NotLast3Months,NoResponse,FALSE,TRUE,1,7 weeks,FALSE,1,21.1 kWh,37%,0%,13 mins,FALSE,FALSE,FALSE,5 weeks,KC1000003,1
55,Prefer Not to Answer / Other / Unknown,Auckland,Basic,DebitCard,Other,1,NotLast3Months,4,TRUE,TRUE,0,6 weeks,TRUE,3,20.7 kWh,43%,5.20%,28 mins,FALSE,TRUE,FALSE,6 weeks,KC1000004,1
47,Male,Auckland,Pro,DebitCard,Android,4,NotLast3Months,2,TRUE,FALSE,2,1 weeks,TRUE,2,20.9 kWh,39%,1.10%,14 mins,TRUE,FALSE,FALSE,1 weeks,KC1000005,1
53,Male,Auckland,Basic,CreditCard,iOS,1,NotLast3Months,3,FALSE,FALSE,0,8 weeks,TRUE,3,15.4 kWh,37%,0%,15 mins,FALSE,FALSE,FALSE,8 weeks,KC1000006,0
53,Female,Waikato,Basic,CreditCard,Android,4,NotLast3Months,NoResponse,FALSE,TRUE,3,12 weeks,FALSE,5,19.5 kWh,32%,2.80%,21 mins,FALSE,FALSE,FALSE,10 weeks,KC1000007,1
71,Male,Otago,Basic,ApplePay,Android,1,NotLast3Months,4,FALSE,TRUE,2,5 weeks,FALSE,2,23.2 kWh,47%,12.60%,40 mins,TRUE,FALSE,FALSE,5 weeks,KC1000008,0
24,Male,ManawhatuWhanganui,Pro,DebitCard,Other,3,YesThisMonth,2,TRUE,TRUE,0,1 weeks,FALSE,6,27.8 kWh,28%,4.70%,18 mins,TRUE,FALSE,FALSE,1 weeks,KC1000009,1
59,Male,Auckland,Basic,CreditCard,Android,2,NotLast3Months,5,TRUE,TRUE,2,9 weeks,FALSE,3,18.7 kWh,51%,2%,14 mins,FALSE,FALSE,FALSE,5 weeks,KC1000010,1
54,Female,Auckland,Pro,ApplePay,Android,0,NotLast3Months,NoResponse,FALSE,TRUE,1,4 weeks,TRUE,3,26.6 kWh,43%,1.10%,24 mins,FALSE,FALSE,FALSE,4 weeks,KC1000011,1
21,Female,BayOfPlenty,Basic,CreditCard,iOS,0,NotLast3Months,5,FALSE,TRUE,0,2 weeks,FALSE,3,18.6 kWh,34%,3.60%,21 mins,FALSE,TRUE,TRUE,2 weeks,KC1000012,1
36,Male,Auckland,Plus,GooglePay,Android,2,Last3Months,2,FALSE,FALSE,1,11 weeks,FALSE,6,20.5 kWh,61%,0%,27 mins,FALSE,FALSE,FALSE,8 weeks,KC1000013,0
57,Male,ManawhatuWhanganui,Plus,DebitCard,iOS,0,Last3Months,4,FALSE,FALSE,2,7 weeks,TRUE,2,26 kWh,33%,4.60%,9 mins,FALSE,TRUE,FALSE,7 weeks,KC1000014,0
36,Male,Waikato,Pro,DebitCard,iOS,2,NotLast3Months,4,FALSE,TRUE,1,1 weeks,TRUE,1,21.9 kWh,36%,11.10%,30 mins,FALSE,FALSE,FALSE,1 weeks,KC1000015,1
30,Male,Auckland,Plus,GooglePay,Android,3,NotLast3Months,4,FALSE,FALSE,3,0 weeks,FALSE,3,22 kWh,54%,4.20%,34 mins,FALSE,TRUE,FALSE,0 weeks,KC1000016,1
44,Male,Waikato,Basic,DebitCard,Android,4,Last3Months,NoResponse,TRUE,FALSE,0,10 weeks,FALSE,2,26 kWh,42%,0%,13 mins,FALSE,TRUE,TRUE,4 weeks,KC1000017,1
33,Prefer Not to Answer / Other / Unknown,Auckland,Basic,ApplePay,iOS,2,NotLast3Months,3,TRUE,FALSE,1,10 weeks,FALSE,3,24.4 kWh,40%,2.70%,21 mins,FALSE,FALSE,FALSE,10 weeks,KC1000018,0
50,Female,Waikato,Basic,ApplePay,iOS,3,NotLast3Months,NoResponse,FALSE,FALSE,2,7 weeks,FALSE,6,20.8 kWh,39%,2.30%,16 mins,FALSE,FALSE,FALSE,1 weeks,KC1000019,1
50,Female,Auckland,Pro,GooglePay,Android,1,NotLast3Months,2,FALSE,FALSE,3,4 weeks,TRUE,2,32.5 kWh,74%,3.50%,35 mins,FALSE,FALSE,FALSE,4 weeks,KC1000020,0
29,Female,Waikato,Basic,ApplePay,Android,1,Last3Months,NoResponse,FALSE,FALSE,0,5 weeks,FALSE,5,18.4 kWh,31%,4.10%,16 mins,FALSE,FALSE,FALSE,5 weeks,KC1000021,1
62,Male,Auckland,Pro,DebitCard,Android,3,Last3Months,4,FALSE,FALSE,1,10 weeks,TRUE,3,22.6 kWh,54%,7.70%,28 mins,FALSE,FALSE,FALSE,7 weeks,KC1000022,1
31,Female,Auckland,Fleet,ApplePay,Android,3,Last3Months,NoResponse,TRUE,TRUE,0,2 weeks,TRUE,9,26.9 kWh,60%,7.30%,36 mins,FALSE,TRUE,FALSE,2 weeks,KC1000023,1
39,Male,Auckland,Basic,ApplePay,Other,2,Last3Months,NoResponse,FALSE,TRUE,1,2 weeks,TRUE,2,22.1 kWh,30%,4.80%,24 mins,FALSE,TRUE,FALSE,2 weeks,KC1000024,1
34,Female,Malborough,Basic,CreditCard,Android,5,NotLast3Months,2,FALSE,FALSE,3,1 weeks,FALSE,3,19 kWh,36%,5%,32 mins,TRUE,TRUE,FALSE,1 weeks,KC1000025,0
42,Female,Auckland,Plus,DebitCard,iOS,1,NotLast3Months,NoResponse,TRUE,FALSE,2,7 weeks,TRUE,2,18.3 kWh,43%,3.70%,24 mins,FALSE,TRUE,FALSE,7 weeks,KC1000026,0
48,Female,Auckland,Basic,CreditCard,iOS,4,NotLast3Months,NoResponse,TRUE,TRUE,2,1 weeks,FALSE,1,21.1 kWh,29%,7%,32 mins,FALSE,TRUE,FALSE,1 weeks,KC1000027,1
57,Female,Canterbury,Plus,DebitCard,iOS,2,Last3Months,3,FALSE,TRUE,2,6 weeks,TRUE,2,23.1 kWh,30%,5.30%,15 mins,FALSE,FALSE,FALSE,6 weeks,KC1000028,1
37,Female,Auckland,Plus,CreditCard,iOS,2,NotLast3Months,3,TRUE,TRUE,1,0 weeks,TRUE,1,11.9 kWh,54%,1.60%,42 mins,FALSE,FALSE,TRUE,0 weeks,KC1000029,1
45,Female,Waikato,Basic,CreditCard,Android,2,NotLast3Months,1,FALSE,FALSE,2,8 weeks,TRUE,1,21.8 kWh,49%,8.40%,26 mins,FALSE,TRUE,FALSE,8 weeks,KC1000030,0
43,Male,Auckland,Basic,ApplePay,Android,5,YesThisMonth,NoResponse,FALSE,FALSE,1,1 weeks,TRUE,3,16.9 kWh,36%,4.10%,24 mins,FALSE,FALSE,FALSE,1 weeks,KC1000031,1
44,Prefer Not to Answer / Other / Unknown,Northland,Plus,GooglePay,iOS,2,NotLast3Months,5,FALSE,FALSE,1,3 weeks,TRUE,2,23.5 kWh,35%,3.90%,20 mins,FALSE,FALSE,FALSE,3 weeks,KC1000032,1
52,Female,Canterbury,Pro,CreditCard,Android,4,NotLast3Months,NoResponse,FALSE,FALSE,1,6 weeks,TRUE,4,17.7 kWh,59%,8.60%,32 mins,FALSE,FALSE,FALSE,6 weeks,KC1000033,1
58,Male,Auckland,Plus,GooglePay,iOS,2,NotLast3Months,1,FALSE,TRUE,3,8 weeks,FALSE,4,24.7 kWh,43%,5%,22 mins,TRUE,FALSE,FALSE,8 weeks,KC1000034,0
58,Male,Wellington,Plus,GooglePay,iOS,3,NotLast3Months,2,FALSE,FALSE,3,4 weeks,FALSE,4,25.4 kWh,42%,0%,17 mins,FALSE,TRUE,FALSE,4 weeks,KC1000035,0
35,Male,Waikato,Pro,GooglePay,Android,3,NotLast3Months,3,FALSE,FALSE,4,6 weeks,FALSE,2,25.3 kWh,52%,2.30%,26 mins,FALSE,FALSE,FALSE,6 weeks,KC1000036,1
60,Male,Auckland,Pro,ApplePay,iOS,0,NotLast3Months,1,TRUE,FALSE,1,2 weeks,TRUE,3,19.6 kWh,31%,5.90%,31 mins,FALSE,FALSE,FALSE,2 weeks,KC1000037,1
59,Male,Auckland,Basic,DebitCard,iOS,2,NotLast3Months,NoResponse,FALSE,FALSE,1,11 weeks,TRUE,3,23.5 kWh,33%,4.40%,21 mins,FALSE,FALSE,FALSE,8 weeks,KC1000038,0
48,Male,Wellington,Basic,CreditCard,Android,2,NotLast3Months,NoResponse,FALSE,TRUE,2,9 weeks,FALSE,4,11.7 kWh,30%,5.80%,27 mins,FALSE,TRUE,FALSE,5 weeks,KC1000039,1
66,Female,Tasman,Plus,ApplePay,iOS,1,Last3Months,NoResponse,FALSE,FALSE,1,11 weeks,FALSE,1,20.6 kWh,11%,12.80%,29 mins,FALSE,TRUE,FALSE,8 weeks,KC1000040,0
55,Female,Waikato,Plus,CreditCard,iOS,1,Last3Months,NoResponse,TRUE,TRUE,0,10 weeks,FALSE,2,26.2 kWh,33%,7.20%,26 mins,FALSE,FALSE,FALSE,7 weeks,KC1000041,1
54,Male,Auckland,Basic,CreditCard,Android,0,NotLast3Months,NoResponse,FALSE,FALSE,2,4 weeks,FALSE,3,11 kWh,35%,0%,18 mins,FALSE,TRUE,FALSE,2 weeks,KC1000042,1
28,Female,Southland,Plus,CreditCard,Android,1,NotLast3Months,1,FALSE,TRUE,1,4 weeks,TRUE,5,18.2 kWh,21%,10.60%,27 mins,FALSE,FALSE,FALSE,4 weeks,KC1000043,0
34,Female,Waikato,Basic,CreditCard,iOS,2,NotLast3Months,NoResponse,FALSE,FALSE,0,1 weeks,FALSE,2,19.3 kWh,44%,10.60%,29 mins,FALSE,FALSE,FALSE,1 weeks,KC1000044,1
45,Male,BayOfPlenty,Pro,CreditCard,iOS,1,NotLast3Months,NoResponse,FALSE,FALSE,0,5 weeks,TRUE,4,16.6 kWh,39%,3.80%,26 mins,FALSE,TRUE,FALSE,5 weeks,KC1000045,1
35,Male,Auckland,Plus,GooglePay,Other,2,NotLast3Months,2,FALSE,TRUE,0,3 weeks,TRUE,1,23.4 kWh,35%,0%,17 mins,FALSE,FALSE,FALSE,3 weeks,KC1000046,1
51,Male,Malborough,Basic,GooglePay,iOS,2,Last3Months,2,FALSE,TRUE,4,6 weeks,TRUE,5,12.6 kWh,30%,8%,20 mins,FALSE,FALSE,FALSE,6 weeks,KC1000047,0
57,Female,Canterbury,Basic,CreditCard,iOS,1,NotLast3Months,4,FALSE,TRUE,1,1 weeks,FALSE,3,16.7 kWh,30%,4.70%,21 mins,FALSE,FALSE,FALSE,1 weeks,KC1000048,1
33,Male,Auckland,Plus,DebitCard,Android,1,NotLast3Months,3,TRUE,TRUE,2,8 weeks,FALSE,5,16.5 kWh,41%,4.90%,33 mins,FALSE,FALSE,FALSE,6 weeks,KC1000049,1
79,Prefer Not to Answer / Other / Unknown,Auckland,Plus,ApplePay,Android,2,NotLast3Months,NoResponse,TRUE,TRUE,0,0 weeks,TRUE,1,22.9 kWh,60%,1.40%,21 mins,FALSE,FALSE,FALSE,0 weeks,KC1000050,1
31,Female,Otago,Plus,GooglePay,iOS,3,NotLast3Months,5,TRUE,FALSE,2,11 weeks,FALSE,4,29.7 kWh,32%,9.10%,30 mins,FALSE,FALSE,FALSE,3 weeks,KC1000051,1
61,Female,Auckland,Plus,CreditCard,Android,2,NotLast3Months,NoResponse,FALSE,FALSE,2,2 weeks,FALSE,3,28 kWh,67%,3.40%,24 mins,FALSE,FALSE,FALSE,2 weeks,KC1000052,1
40,Male,BayOfPlenty,Plus,CreditCard,iOS,0,NotLast3Months,4,FALSE,FALSE,0,3 weeks,FALSE,4,32.7 kWh,41%,5.60%,15 mins,FALSE,TRUE,FALSE,3 weeks,KC1000053,1
62,Female,Waikato,Plus,DebitCard,Android,2,NotLast3Months,NoResponse,FALSE,FALSE,3,0 weeks,TRUE,3,24.8 kWh,41%,8.90%,20 mins,FALSE,TRUE,FALSE,0 weeks,KC1000054,1
58,Female,Auckland,Basic,CreditCard,iOS,1,NotLast3Months,NoResponse,FALSE,TRUE,0,9 weeks,FALSE,4,23.4 kWh,46%,4.30%,28 mins,FALSE,TRUE,FALSE,9 weeks,KC1000055,1
68,Prefer Not to Answer / Other / Unknown,Auckland,Basic,DebitCard,iOS,2,NotLast3Months,NoResponse,FALSE,TRUE,0,11 weeks,FALSE,3,24.1 kWh,58%,3.90%,37 mins,TRUE,FALSE,FALSE,8 weeks,KC1000056,1
30,Male,Auckland,Basic,CreditCard,iOS,2,Last3Months,5,FALSE,TRUE,2,11 weeks,TRUE,3,16.4 kWh,40%,4%,18 mins,FALSE,FALSE,FALSE,10 weeks,KC1000057,0
34,Prefer Not to Answer / Other / Unknown,Otago,Basic,GooglePay,Android,2,NotLast3Months,5,TRUE,FALSE,3,2 weeks,FALSE,1,16.1 kWh,11%,5.50%,29 mins,FALSE,FALSE,FALSE,2 weeks,KC1000058,1
30,Male,Auckland,Basic,DebitCard,Android,0,YesThisMonth,NoResponse,TRUE,TRUE,0,0 weeks,TRUE,2,12.2 kWh,53%,3.20%,26 mins,FALSE,FALSE,FALSE,0 weeks,KC1000059,1
38,Female,Canterbury,Basic,GooglePay,Android,0,NotLast3Months,NoResponse,FALSE,TRUE,1,5 weeks,FALSE,3,21.4 kWh,34%,7.60%,26 mins,FALSE,TRUE,FALSE,5 weeks,KC1000060,1
50,Male,Auckland,Plus,DebitCard,iOS,1,NotLast3Months,2,TRUE,TRUE,0,10 weeks,FALSE,7,20.3 kWh,48%,1.90%,27 mins,TRUE,FALSE,FALSE,9 weeks,KC1000061,1
51,Male,Wellington,Basic,DebitCard,iOS,0,NotLast3Months,NoResponse,TRUE,TRUE,0,3 weeks,FALSE,1,22.5 kWh,42%,8.70%,33 mins,FALSE,FALSE,FALSE,3 weeks,KC1000062,1
55,Male,Auckland,Basic,CreditCard,Android,0,NotLast3Months,2,FALSE,FALSE,0,1 weeks,TRUE,1,20.5 kWh,31%,2.60%,22 mins,TRUE,TRUE,FALSE,1 weeks,KC1000063,1
45,Male,ManawhatuWhanganui,Pro,GooglePay,Android,1,NotLast3Months,1,FALSE,TRUE,1,5 weeks,TRUE,3,20.2 kWh,49%,4.30%,27 mins,FALSE,TRUE,FALSE,5 weeks,KC1000064,0
35,Male,Taranaki,Basic,DebitCard,Android,3,NotLast3Months,2,FALSE,FALSE,0,2 weeks,FALSE,1,17.8 kWh,36%,0%,10 mins,FALSE,FALSE,FALSE,2 weeks,KC1000065,1
46,Male,HawkesBay,Pro,DebitCard,Android,5,NotLast3Months,4,TRUE,FALSE,3,4 weeks,TRUE,3,20 kWh,40%,7.70%,25 mins,FALSE,TRUE,FALSE,4 weeks,KC1000066,1
31,Female,Wellington,Basic,ApplePay,Android,3,NotLast3Months,NoResponse,FALSE,FALSE,1,5 weeks,FALSE,2,19.7 kWh,36%,2.50%,19 mins,FALSE,FALSE,FALSE,2 weeks,KC1000067,1
56,Prefer Not to Answer / Other / Unknown,Auckland,Basic,GooglePay,iOS,2,NotLast3Months,NoResponse,TRUE,FALSE,2,0 weeks,TRUE,2,24.2 kWh,30%,8.70%,48 mins,FALSE,FALSE,FALSE,0 weeks,KC1000068,1
49,Male,Canterbury,Plus,ApplePay,Android,2,Last3Months,NoResponse,FALSE,FALSE,1,8 weeks,FALSE,3,16.2 kWh,27%,5.70%,32 mins,FALSE,FALSE,FALSE,8 weeks,KC1000069,0
41,Prefer Not to Answer / Other / Unknown,Otago,Pro,GooglePay,iOS,2,Last3Months,1,TRUE,TRUE,0,4 weeks,FALSE,3,26.4 kWh,47%,5.90%,27 mins,FALSE,TRUE,FALSE,4 weeks,KC1000070,1
45,Male,Malborough,Basic,CreditCard,iOS,1,NotLast3Months,NoResponse,FALSE,FALSE,0,6 weeks,TRUE,1,11.6 kWh,45%,6.60%,4 mins,FALSE,FALSE,FALSE,6 weeks,KC1000071,1
28,Female,Auckland,Basic,DebitCard,Android,5,Last3Months,4,TRUE,FALSE,3,1 weeks,FALSE,3,21.5 kWh,79%,0%,19 mins,FALSE,FALSE,FALSE,1 weeks,KC1000072,1
36,Male,Auckland,Pro,CreditCard,Android,2,NotLast3Months,2,FALSE,FALSE,2,5 weeks,FALSE,2,22.2 kWh,33%,5.70%,28 mins,FALSE,FALSE,FALSE,5 weeks,KC1000073,0
57,Female,ManawhatuWhanganui,Basic,GooglePay,Android,2,NotLast3Months,NoResponse,TRUE,FALSE,2,10 weeks,FALSE,2,19.1 kWh,52%,3.20%,18 mins,FALSE,FALSE,FALSE,10 weeks,KC1000074,0
20,Male,Auckland,Basic,GooglePay,Android,0,Last3Months,NoResponse,TRUE,FALSE,0,7 weeks,TRUE,1,20.2 kWh,47%,1.40%,28 mins,FALSE,FALSE,FALSE,7 weeks,KC1000075,0
40,Female,Waikato,Basic,DebitCard,iOS,1,NotLast3Months,NoResponse,TRUE,FALSE,0,9 weeks,TRUE,5,18.3 kWh,31%,10.60%,28 mins,FALSE,FALSE,FALSE,9 weeks,KC1000076,0
44,Prefer Not to Answer / Other / Unknown,Wellington,Basic,CreditCard,Android,1,Last3Months,NoResponse,TRUE,TRUE,0,11 weeks,FALSE,2,18.5 kWh,51%,4.10%,24 mins,FALSE,FALSE,FALSE,11 weeks,KC1000077,0
62,Female,Canterbury,Plus,CreditCard,iOS,1,NotLast3Months,3,TRUE,FALSE,0,8 weeks,FALSE,4,23 kWh,41%,4.30%,38 mins,FALSE,FALSE,FALSE,7 weeks,KC1000078,0
61,Female,Canterbury,Plus,DebitCard,Android,3,Last3Months,NoResponse,FALSE,FALSE,3,2 weeks,FALSE,2,26.9 kWh,34%,9.60%,21 mins,FALSE,FALSE,FALSE,2 weeks,KC1000079,1
31,Male,Otago,Plus,GooglePay,iOS,3,NotLast3Months,4,FALSE,TRUE,0,3 weeks,TRUE,4,18.4 kWh,15%,8.40%,12 mins,FALSE,FALSE,TRUE,1 weeks,KC1000080,1
50,Female,Canterbury,Plus,DebitCard,iOS,1,NotLast3Months,NoResponse,FALSE,FALSE,3,11 weeks,TRUE,2,19.3 kWh,39%,3.50%,25 mins,TRUE,FALSE,FALSE,6 weeks,KC1000081,0
27,Male,Canterbury,Plus,ApplePay,Android,1,Last3Months,NoResponse,FALSE,TRUE,0,1 weeks,TRUE,4,17.7 kWh,32%,0.80%,11 mins,FALSE,FALSE,FALSE,1 weeks,KC1000082,1
53,Male,Canterbury,Plus,GooglePay,iOS,1,Last3Months,4,TRUE,FALSE,0,2 weeks,TRUE,2,11.5 kWh,36%,0%,8 mins,FALSE,TRUE,FALSE,2 weeks,KC1000083,1
25,Male,Auckland,Basic,GooglePay,Android,3,Last3Months,4,TRUE,FALSE,1,9 weeks,TRUE,1,21.9 kWh,31%,6.90%,16 mins,TRUE,FALSE,FALSE,6 weeks,KC1000084,0
27,Male,BayOfPlenty,Plus,ApplePay,Android,1,NotLast3Months,NoResponse,FALSE,TRUE,0,9 weeks,FALSE,5,20.6 kWh,61%,10.30%,36 mins,FALSE,FALSE,FALSE,5 weeks,KC1000085,1
41,Male,Waikato,Basic,GooglePay,iOS,3,NotLast3Months,3,TRUE,TRUE,2,6 weeks,TRUE,5,17.9 kWh,51%,7.80%,35 mins,FALSE,FALSE,TRUE,6 weeks,KC1000086,0
38,Male,ManawhatuWhanganui,Pro,ApplePay,Android,3,NotLast3Months,NoResponse,TRUE,FALSE,1,8 weeks,FALSE,4,27.9 kWh,29%,4.30%,25 mins,FALSE,FALSE,FALSE,6 weeks,KC1000087,1
37,Female,Otago,Basic,DebitCard,Other,2,NotLast3Months,5,FALSE,FALSE,3,2 weeks,FALSE,2,19.1 kWh,33%,16%,27 mins,TRUE,FALSE,FALSE,2 weeks,KC1000088,1
30,Female,Auckland,Plus,CreditCard,iOS,1,NotLast3Months,NoResponse,FALSE,FALSE,0,3 weeks,FALSE,3,20 kWh,21%,6.80%,18 mins,FALSE,TRUE,FALSE,3 weeks,KC1000089,1
26,Male,Auckland,Pro,CreditCard,Android,0,NotLast3Months,NoResponse,FALSE,FALSE,2,2 weeks,FALSE,3,25.2 kWh,50%,3.60%,27 mins,FALSE,TRUE,TRUE,2 weeks,KC1000090,1
61,Female,Waikato,Basic,GooglePay,iOS,1,Last3Months,2,FALSE,TRUE,0,1 weeks,TRUE,2,24.2 kWh,27%,0%,19 mins,FALSE,TRUE,FALSE,1 weeks,KC1000091,1
56,Male,Auckland,Basic,CreditCard,iOS,1,Last3Months,1,TRUE,TRUE,0,4 weeks,TRUE,2,18.4 kWh,34%,3.50%,21 mins,FALSE,TRUE,FALSE,4 weeks,KC1000092,1
57,Prefer Not to Answer / Other / Unknown,Canterbury,Pro,ApplePay,Other,2,Last3Months,1,FALSE,FALSE,0,11 weeks,TRUE,5,30.6 kWh,53%,6%,26 mins,FALSE,FALSE,FALSE,10 weeks,KC1000093,0
67,Male,Auckland,Pro,ApplePay,iOS,2,NotLast3Months,4,TRUE,FALSE,3,0 weeks,FALSE,3,24.2 kWh,47%,5.30%,29 mins,TRUE,FALSE,FALSE,0 weeks,KC1000094,1
39,Male,Auckland,Plus,CreditCard,iOS,1,NotLast3Months,2,FALSE,TRUE,0,11 weeks,FALSE,4,13 kWh,35%,2.60%,13 mins,FALSE,FALSE,FALSE,5 weeks,KC1000095,1
41,Male,Auckland,Pro,CreditCard,iOS,1,NotLast3Months,NoResponse,FALSE,FALSE,0,7 weeks,FALSE,3,22.9 kWh,43%,5.30%,34 mins,FALSE,FALSE,FALSE,7 weeks,KC1000096,1
52,Male,BayOfPlenty,Basic,DebitCard,iOS,1,NotLast3Months,NoResponse,TRUE,FALSE,2,5 weeks,TRUE,2,17.3 kWh,39%,6.60%,27 mins,TRUE,TRUE,FALSE,5 weeks,KC1000097,0
48,Prefer Not to Answer / Other / Unknown,Auckland,Basic,CreditCard,Android,0,NotLast3Months,2,TRUE,TRUE,2,12 weeks,FALSE,3,17.1 kWh,31%,6.70%,31 mins,TRUE,TRUE,FALSE,8 weeks,KC1000098,0
51,Male,Otago,Basic,CreditCard,iOS,0,NotLast3Months,NoResponse,TRUE,FALSE,0,10 weeks,FALSE,2,21.8 kWh,43%,0%,15 mins,FALSE,FALSE,FALSE,8 weeks,KC1000099,0
53,Male,Canterbury,Basic,ApplePay,iOS,0,NotLast3Months,2,FALSE,FALSE,0,9 weeks,FALSE,4,19.1 kWh,32%,4.60%,21 mins,TRUE,FALSE,FALSE,6 weeks,KC1000100,0
29,Female,Auckland,Basic,ApplePay,iOS,1,Last3Months,2,FALSE,FALSE,0,6 weeks,FALSE,4,16.1 kWh,34%,5.40%,29 mins,FALSE,FALSE,FALSE,6 weeks,KC1000101,0
32,Prefer Not to Answer / Other / Unknown,Tasman,Basic,GooglePay,Android,3,YesThisMonth,NoResponse,FALSE,FALSE,1,5 weeks,FALSE,1,20.4 kWh,61%,7.20%,27 mins,FALSE,TRUE,FALSE,5 weeks,KC1000102,0
54,Female,Auckland,Plus,ApplePay,iOS,1,NotLast3Months,NoResponse,FALSE,FALSE,1,4 weeks,TRUE,2,24.7 kWh,29%,0%,14 mins,TRUE,FALSE,FALSE,4 weeks,KC1000103,1
44,Female,Northland,Plus,DebitCard,Android,2,NotLast3Months,NoResponse,FALSE,FALSE,1,1 weeks,FALSE,4,22 kWh,45%,5.80%,20 mins,FALSE,TRUE,FALSE,1 weeks,KC1000104,1
39,Female,Waikato,Basic,CreditCard,iOS,1,Last3Months,NoResponse,FALSE,FALSE,1,4 weeks,FALSE,2,17.1 kWh,53%,7.20%,25 mins,FALSE,FALSE,FALSE,4 weeks,KC1000105,1
36,Male,Waikato,Basic,DebitCard,Android,5,YesThisMonth,2,FALSE,TRUE,4,1 weeks,FALSE,4,18.7 kWh,25%,9.40%,18 mins,FALSE,TRUE,FALSE,1 weeks,KC1000106,1
49,Female,Auckland,Basic,GooglePay,iOS,1,Last3Months,NoResponse,FALSE,FALSE,0,7 weeks,TRUE,2,18.1 kWh,56%,4.60%,36 mins,FALSE,FALSE,FALSE,7 weeks,KC1000107,0
45,Prefer Not to Answer / Other / Unknown,Otago,Basic,DebitCard,Other,3,NotLast3Months,2,TRUE,FALSE,2,12 weeks,TRUE,2,18.9 kWh,9%,4.90%,28 mins,FALSE,FALSE,FALSE,9 weeks,KC1000108,0
54,Female,BayOfPlenty,Plus,CreditCard,iOS,4,NotLast3Months,3,FALSE,TRUE,1,8 weeks,FALSE,4,25 kWh,35%,4.40%,13 mins,TRUE,FALSE,FALSE,8 weeks,KC1000109,1
48,Female,Auckland,Basic,DebitCard,iOS,1,NotLast3Months,3,FALSE,FALSE,2,8 weeks,FALSE,4,19.6 kWh,69%,7.80%,38 mins,FALSE,TRUE,FALSE,5 weeks,KC1000110,1
45,Female,Auckland,Basic,CreditCard,Android,3,Last3Months,NoResponse,TRUE,TRUE,2,5 weeks,FALSE,4,16.6 kWh,45%,0%,21 mins,FALSE,FALSE,FALSE,2 weeks,KC1000111,1
37,Female,Auckland,Basic,ApplePay,iOS,2,NotLast3Months,3,FALSE,TRUE,0,10 weeks,FALSE,1,26.3 kWh,54%,0.90%,23 mins,FALSE,TRUE,FALSE,4 weeks,KC1000112,1
41,Female,Northland,Pro,ApplePay,iOS,6,Last3Months,2,TRUE,FALSE,4,7 weeks,TRUE,3,26 kWh,37%,2.90%,20 mins,FALSE,FALSE,FALSE,5 weeks,KC1000113,1
46,Female,Canterbury,Pro,GooglePay,Android,4,NotLast3Months,4,TRUE,TRUE,3,1 weeks,FALSE,4,30.6 kWh,34%,2.30%,24 mins,FALSE,FALSE,FALSE,1 weeks,KC1000114,1
34,Female,Waikato,Basic,ApplePay,iOS,5,NotLast3Months,NoResponse,FALSE,FALSE,2,6 weeks,FALSE,2,29.1 kWh,40%,4.20%,14 mins,FALSE,TRUE,FALSE,6 weeks,KC1000115,1
31,Male,ManawhatuWhanganui,Plus,ApplePay,iOS,2,Last3Months,3,FALSE,FALSE,3,9 weeks,FALSE,2,17.7 kWh,39%,5.30%,11 mins,FALSE,TRUE,FALSE,8 weeks,KC1000116,0
35,Male,ManawhatuWhanganui,Plus,GooglePay,iOS,1,Last3Months,4,FALSE,FALSE,1,9 weeks,FALSE,3,29.1 kWh,53%,6.10%,22 mins,FALSE,TRUE,TRUE,4 weeks,KC1000117,1
45,Male,Northland,Pro,GooglePay,Android,2,NotLast3Months,NoResponse,FALSE,FALSE,2,7 weeks,FALSE,1,18.5 kWh,46%,1.90%,21 mins,FALSE,FALSE,FALSE,7 weeks,KC1000118,1
41,Male,Auckland,Basic,DebitCard,iOS,3,NotLast3Months,3,TRUE,FALSE,1,6 weeks,TRUE,1,24 kWh,51%,4.60%,26 mins,FALSE,TRUE,FALSE,6 weeks,KC1000119,0
68,Female,Canterbury,Pro,DebitCard,Android,0,NotLast3Months,NoResponse,TRUE,TRUE,2,3 weeks,FALSE,3,27.8 kWh,44%,3.90%,17 mins,FALSE,FALSE,FALSE,2 weeks,KC1000120,1
46,Female,Canterbury,Pro,ApplePay,iOS,3,YesThisMonth,NoResponse,FALSE,FALSE,0,10 weeks,TRUE,4,28.2 kWh,46%,0%,16 mins,FALSE,FALSE,FALSE,9 weeks,KC1000121,0
53,Prefer Not to Answer / Other / Unknown,BayOfPlenty,Plus,CreditCard,Android,4,Last3Months,4,TRUE,TRUE,2,10 weeks,TRUE,4,28.2 kWh,35%,9.70%,31 mins,TRUE,TRUE,FALSE,7 weeks,KC1000122,1
62,Female,Canterbury,Plus,DebitCard,iOS,2,NotLast3Months,3,TRUE,FALSE,1,9 weeks,TRUE,2,17.5 kWh,34%,3.60%,19 mins,FALSE,FALSE,FALSE,8 weeks,KC1000123,1
29,Male,Canterbury,Basic,CreditCard,iOS,1,NotLast3Months,2,TRUE,TRUE,2,3 weeks,FALSE,3,20.9 kWh,23%,6%,16 mins,FALSE,FALSE,FALSE,3 weeks,KC1000124,1
40,Male,Northland,Basic,CreditCard,Android,3,NotLast3Months,4,FALSE,TRUE,0,9 weeks,FALSE,4,17.4 kWh,29%,2%,23 mins,FALSE,TRUE,FALSE,7 weeks,KC1000125,1
46,Male,Wellington,Plus,GooglePay,Android,0,NotLast3Months,2,FALSE,TRUE,1,11 weeks,TRUE,2,19 kWh,37%,3.70%,22 mins,FALSE,TRUE,FALSE,7 weeks,KC1000126,0
49,Male,Auckland,Basic,CreditCard,Android,0,NotLast3Months,NoResponse,TRUE,FALSE,1,9 weeks,TRUE,3,25.7 kWh,52%,3.20%,26 mins,TRUE,TRUE,FALSE,8 weeks,KC1000127,0
43,Male,Auckland,Basic,GooglePay,iOS,3,Last3Months,NoResponse,TRUE,TRUE,0,0 weeks,FALSE,1,26 kWh,40%,2.50%,24 mins,FALSE,FALSE,FALSE,0 weeks,KC1000128,1
28,Female,Auckland,Plus,ApplePay,Android,3,NotLast3Months,3,FALSE,FALSE,4,8 weeks,TRUE,6,19.8 kWh,47%,2.20%,24 mins,FALSE,FALSE,FALSE,5 weeks,KC1000129,1
47,Male,HawkesBay,Plus,DebitCard,Android,2,NotLast3Months,3,FALSE,FALSE,2,1 weeks,TRUE,4,17.4 kWh,38%,4.80%,19 mins,FALSE,FALSE,FALSE,1 weeks,KC1000130,1
68,Prefer Not to Answer / Other / Unknown,Auckland,Plus,GooglePay,Android,1,NotLast3Months,4,FALSE,FALSE,1,3 weeks,FALSE,6,20.9 kWh,35%,3.50%,15 mins,FALSE,FALSE,FALSE,3 weeks,KC1000131,1
44,Male,Auckland,Plus,CreditCard,iOS,0,Last3Months,NoResponse,FALSE,FALSE,2,4 weeks,TRUE,2,18 kWh,63%,0%,26 mins,FALSE,FALSE,FALSE,4 weeks,KC1000132,1
47,Female,Auckland,Basic,CreditCard,iOS,1,NotLast3Months,NoResponse,FALSE,FALSE,3,9 weeks,FALSE,3,19.4 kWh,32%,0%,16 mins,FALSE,FALSE,FALSE,6 weeks,KC1000133,1
37,Male,Waikato,Fleet,CreditCard,iOS,3,Last3Months,4,TRUE,TRUE,2,2 weeks,TRUE,5,30.9 kWh,59%,4.90%,18 mins,FALSE,TRUE,FALSE,2 weeks,KC1000134,1
56,Prefer Not to Answer / Other / Unknown,Northland,Basic,GooglePay,iOS,3,NotLast3Months,3,FALSE,FALSE,1,4 weeks,TRUE,1,21 kWh,30%,8.40%,12 mins,FALSE,FALSE,FALSE,4 weeks,KC1000135,1
57,Female,Auckland,Plus,DebitCard,Android,2,NotLast3Months,4,FALSE,FALSE,2,10 weeks,TRUE,2,27.9 kWh,51%,3.10%,28 mins,FALSE,TRUE,FALSE,4 weeks,KC1000136,1
34,Prefer Not to Answer / Other / Unknown,Auckland,Basic,GooglePay,Android,2,NotLast3Months,NoResponse,FALSE,FALSE,2,4 weeks,FALSE,4,21 kWh,39%,3.20%,32 mins,FALSE,FALSE,TRUE,4 weeks,KC1000137,0
41,Female,Auckland,Pro,GooglePay,iOS,2,Last3Months,5,FALSE,FALSE,0,1 weeks,TRUE,3,24.1 kWh,62%,4.20%,40 mins,FALSE,TRUE,FALSE,1 weeks,KC1000138,1
40,Female,Canterbury,Basic,CreditCard,iOS,3,NotLast3Months,3,TRUE,TRUE,1,5 weeks,TRUE,1,21.7 kWh,55%,6.40%,35 mins,TRUE,FALSE,FALSE,5 weeks,KC1000139,0
19,Female,ManawhatuWhanganui,Basic,DebitCard,iOS,1,NotLast3Months,2,FALSE,TRUE,1,6 weeks,FALSE,2,20.7 kWh,44%,4.40%,24 mins,FALSE,FALSE,FALSE,5 weeks,KC1000140,1
63,Female,Malborough,Plus,GooglePay,iOS,3,Last3Months,4,TRUE,FALSE,1,0 weeks,FALSE,3,29.8 kWh,42%,7.60%,37 mins,TRUE,TRUE,FALSE,0 weeks,KC1000141,1
46,Female,Taranaki,Plus,GooglePay,Other,1,NotLast3Months,2,FALSE,TRUE,0,2 weeks,FALSE,5,22.3 kWh,44%,10.90%,39 mins,FALSE,FALSE,FALSE,2 weeks,KC1000142,1
42,Female,Auckland,Basic,DebitCard,iOS,7,NotLast3Months,4,TRUE,TRUE,3,0 weeks,TRUE,2,25.1 kWh,71%,0%,25 mins,FALSE,TRUE,FALSE,0 weeks,KC1000143,1
38,Male,Waikato,Pro,CreditCard,Android,1,NotLast3Months,NoResponse,FALSE,FALSE,2,1 weeks,TRUE,4,23.6 kWh,11%,4.40%,15 mins,FALSE,TRUE,FALSE,1 weeks,KC1000144,1
52,Male,ManawhatuWhanganui,Plus,ApplePay,Android,1,NotLast3Months,NoResponse,TRUE,FALSE,2,1 weeks,TRUE,3,24.9 kWh,19%,2%,8 mins,FALSE,FALSE,FALSE,1 weeks,KC1000145,1
38,Male,Auckland,Basic,CreditCard,iOS,2,Last3Months,4,FALSE,FALSE,0,9 weeks,TRUE,4,15.5 kWh,40%,4.10%,27 mins,TRUE,FALSE,FALSE,7 weeks,KC1000146,0
24,Female,Taranaki,Basic,CreditCard,Android,5,NotLast3Months,1,FALSE,FALSE,4,5 weeks,FALSE,5,15.2 kWh,42%,7.40%,21 mins,FALSE,FALSE,FALSE,5 weeks,KC1000147,1
41,Female,ManawhatuWhanganui,Basic,GooglePay,Android,2,NotLast3Months,NoResponse,FALSE,TRUE,0,0 weeks,FALSE,2,24 kWh,51%,6.10%,21 mins,FALSE,FALSE,FALSE,0 weeks,KC1000148,1
53,Female,Northland,Basic,DebitCard,Android,2,NotLast3Months,5,FALSE,FALSE,1,11 weeks,FALSE,4,19.7 kWh,20%,4.10%,13 mins,FALSE,FALSE,TRUE,6 weeks,KC1000149,1
30,Male,Canterbury,Basic,GooglePay,Android,2,NotLast3Months,4,FALSE,FALSE,2,0 weeks,FALSE,2,23.6 kWh,31%,4.40%,26 mins,FALSE,TRUE,FALSE,0 weeks,KC1000150,1
38,Male,Otago,Basic,GooglePay,Android,4,NotLast3Months,3,FALSE,FALSE,2,6 weeks,TRUE,2,22.3 kWh,43%,3.40%,34 mins,FALSE,FALSE,FALSE,6 weeks,KC1000151,0
41,Female,Wellington,Basic,DebitCard,iOS,2,NotLast3Months,2,FALSE,TRUE,1,5 weeks,FALSE,2,20.2 kWh,43%,3.70%,24 mins,FALSE,FALSE,FALSE,5 weeks,KC1000152,0
31,Male,Canterbury,Plus,ApplePay,Android,3,Last3Months,2,FALSE,FALSE,1,4 weeks,FALSE,5,16.7 kWh,24%,0%,10 mins,FALSE,TRUE,FALSE,4 weeks,KC1000153,1
30,Male,Tasman,Plus,CreditCard,iOS,0,NotLast3Months,1,TRUE,TRUE,0,6 weeks,TRUE,2,26.6 kWh,38%,11.10%,18 mins,FALSE,FALSE,FALSE,6 weeks,KC1000154,0
54,Female,Canterbury,Pro,CreditCard,iOS,1,YesThisMonth,4,FALSE,FALSE,0,5 weeks,FALSE,2,21.3 kWh,35%,3.80%,36 mins,FALSE,FALSE,FALSE,5 weeks,KC1000155,1
44,Male,Auckland,Basic,GooglePay,iOS,2,NotLast3Months,4,TRUE,FALSE,1,8 weeks,FALSE,2,19.3 kWh,33%,0%,23 mins,FALSE,TRUE,FALSE,8 weeks,KC1000156,0
60,Female,Wellington,Basic,GooglePay,Android,2,NotLast3Months,3,FALSE,FALSE,0,8 weeks,FALSE,1,20.6 kWh,41%,0%,29 mins,FALSE,TRUE,FALSE,8 weeks,KC1000157,0
54,Prefer Not to Answer / Other / Unknown,Canterbury,Pro,ApplePay,Android,1,Last3Months,2,FALSE,TRUE,1,9 weeks,TRUE,1,25.5 kWh,46%,2.90%,30 mins,FALSE,TRUE,FALSE,9 weeks,KC1000158,0
39,Male,Canterbury,Basic,CreditCard,Android,3,NotLast3Months,4,FALSE,TRUE,1,2 weeks,TRUE,3,22.6 kWh,33%,4.40%,25 mins,TRUE,TRUE,FALSE,2 weeks,KC1000159,1
35,Male,Canterbury,Pro,DebitCard,iOS,1,YesThisMonth,NoResponse,TRUE,FALSE,1,3 weeks,TRUE,4,25.2 kWh,59%,7.90%,28 mins,FALSE,FALSE,FALSE,3 weeks,KC1000160,1
50,Male,Wellington,Plus,GooglePay,iOS,1,NotLast3Months,NoResponse,FALSE,TRUE,0,0 weeks,TRUE,2,28.7 kWh,47%,4%,19 mins,FALSE,TRUE,FALSE,0 weeks,KC1000161,1
50,Male,Wellington,Basic,GooglePay,iOS,0,NotLast3Months,4,FALSE,FALSE,0,6 weeks,TRUE,1,22.9 kWh,59%,10.40%,36 mins,FALSE,FALSE,FALSE,6 weeks,KC1000162,0
44,Female,ManawhatuWhanganui,Plus,ApplePay,Other,4,NotLast3Months,4,FALSE,TRUE,6,8 weeks,TRUE,2,22.4 kWh,41%,6%,24 mins,FALSE,TRUE,FALSE,8 weeks,KC1000163,1
51,Female,BayOfPlenty,Basic,ApplePay,Other,2,NotLast3Months,NoResponse,FALSE,TRUE,1,6 weeks,TRUE,3,20.2 kWh,20%,9.40%,25 mins,FALSE,TRUE,FALSE,5 weeks,KC1000164,1
75,Male,Malborough,Basic,GooglePay,iOS,3,NotLast3Months,3,FALSE,FALSE,0,2 weeks,TRUE,1,25.4 kWh,12%,9.60%,18 mins,FALSE,FALSE,FALSE,2 weeks,KC1000165,1
34,Female,ManawhatuWhanganui,Basic,CreditCard,iOS,4,NotLast3Months,5,FALSE,FALSE,2,2 weeks,TRUE,4,12.2 kWh,34%,8.50%,31 mins,FALSE,FALSE,FALSE,2 weeks,KC1000166,1
40,Male,Auckland,Basic,CreditCard,Android,3,NotLast3Months,NoResponse,TRUE,TRUE,0,1 weeks,FALSE,2,18.5 kWh,36%,4.20%,24 mins,FALSE,FALSE,FALSE,1 weeks,KC1000167,1
57,Female,Gisborne,Plus,DebitCard,Android,2,Last3Months,4,FALSE,TRUE,2,2 weeks,TRUE,2,22.2 kWh,21%,1.50%,10 mins,FALSE,FALSE,TRUE,2 weeks,KC1000168,1
61,Female,Auckland,Basic,GooglePay,Android,1,NotLast3Months,NoResponse,FALSE,FALSE,0,6 weeks,FALSE,6,18.2 kWh,45%,1.90%,29 mins,FALSE,FALSE,TRUE,6 weeks,KC1000169,0
50,Female,BayOfPlenty,Basic,DebitCard,Android,1,NotLast3Months,NoResponse,FALSE,FALSE,2,9 weeks,FALSE,5,26.9 kWh,33%,9.60%,27 mins,FALSE,FALSE,FALSE,4 weeks,KC1000170,1
37,Female,Malborough,Basic,CreditCard,Android,4,NotLast3Months,NoResponse,TRUE,TRUE,3,2 weeks,TRUE,3,15.7 kWh,37%,8.10%,28 mins,FALSE,FALSE,FALSE,2 weeks,KC1000171,1
44,Male,Wellington,Pro,DebitCard,Android,1,YesThisMonth,NoResponse,TRUE,TRUE,0,3 weeks,FALSE,4,24.5 kWh,46%,12.30%,32 mins,FALSE,FALSE,TRUE,3 weeks,KC1000172,1
51,Prefer Not to Answer / Other / Unknown,Auckland,Pro,CreditCard,iOS,0,NotLast3Months,1,FALSE,FALSE,1,0 weeks,FALSE,1,25 kWh,58%,3.30%,33 mins,FALSE,FALSE,FALSE,0 weeks,KC1000173,1
28,Male,ManawhatuWhanganui,Basic,GooglePay,Android,1,Last3Months,2,FALSE,FALSE,1,7 weeks,TRUE,1,24.8 kWh,22%,7.60%,22 mins,FALSE,FALSE,FALSE,5 weeks,KC1000174,0
24,Female,BayOfPlenty,Plus,ApplePay,Android,1,NotLast3Months,NoResponse,FALSE,TRUE,1,9 weeks,FALSE,3,17.8 kWh,19%,5.40%,24 mins,FALSE,TRUE,FALSE,7 weeks,KC1000175,1
27,Female,Waikato,Basic,CreditCard,Android,1,YesThisMonth,NoResponse,FALSE,TRUE,0,3 weeks,FALSE,3,28.9 kWh,33%,6.60%,17 mins,TRUE,FALSE,FALSE,3 weeks,KC1000176,1
35,Female,Canterbury,Plus,CreditCard,iOS,4,NotLast3Months,2,TRUE,FALSE,0,5 weeks,FALSE,1,21.4 kWh,48%,1.20%,14 mins,FALSE,FALSE,FALSE,5 weeks,KC1000177,1
54,Male,HawkesBay,Pro,ApplePay,Android,2,NotLast3Months,1,TRUE,TRUE,2,9 weeks,TRUE,2,19.1 kWh,50%,4.80%,22 mins,FALSE,FALSE,FALSE,9 weeks,KC1000178,0
53,Male,ManawhatuWhanganui,Plus,DebitCard,Android,0,Last3Months,3,FALSE,FALSE,3,8 weeks,FALSE,2,19.6 kWh,36%,5.60%,21 mins,FALSE,TRUE,FALSE,8 weeks,KC1000179,1
46,Female,Auckland,Plus,CreditCard,Android,1,NotLast3Months,2,FALSE,FALSE,1,11 weeks,TRUE,1,22.2 kWh,37%,8.50%,26 mins,TRUE,FALSE,FALSE,9 weeks,KC1000180,0
62,Female,HawkesBay,Basic,DebitCard,iOS,0,NotLast3Months,NoResponse,FALSE,TRUE,1,1 weeks,FALSE,1,16.7 kWh,40%,5.40%,19 mins,FALSE,TRUE,FALSE,1 weeks,KC1000181,1
60,Female,Waikato,Basic,GooglePay,iOS,2,Last3Months,5,TRUE,FALSE,3,3 weeks,TRUE,1,27.6 kWh,31%,6.80%,21 mins,FALSE,FALSE,FALSE,3 weeks,KC1000182,1
36,Female,Otago,Pro,GooglePay,iOS,2,NotLast3Months,NoResponse,FALSE,FALSE,0,7 weeks,TRUE,5,30.1 kWh,18%,9.90%,27 mins,FALSE,FALSE,FALSE,2 weeks,KC1000183,1
30,Female,BayOfPlenty,Plus,DebitCard,Android,0,NotLast3Months,4,TRUE,TRUE,0,4 weeks,FALSE,3,21.2 kWh,46%,4.30%,23 mins,FALSE,FALSE,FALSE,2 weeks,KC1000184,1
55,Prefer Not to Answer / Other / Unknown,BayOfPlenty,Basic,CreditCard,iOS,1,Last3Months,NoResponse,FALSE,TRUE,1,8 weeks,TRUE,3,26.8 kWh,28%,0%,21 mins,FALSE,FALSE,TRUE,6 weeks,KC1000185,1
56,Prefer Not to Answer / Other / Unknown,Waikato,Plus,DebitCard,Android,2,NotLast3Months,2,FALSE,FALSE,3,8 weeks,FALSE,4,20.1 kWh,33%,2.50%,16 mins,TRUE,FALSE,FALSE,8 weeks,KC1000186,0
26,Female,Auckland,Plus,GooglePay,Android,2,Last3Months,NoResponse,TRUE,TRUE,2,9 weeks,FALSE,4,24.1 kWh,43%,1.70%,17 mins,FALSE,FALSE,FALSE,9 weeks,KC1000187,1
52,Female,Auckland,Basic,DebitCard,Android,1,Last3Months,NoResponse,FALSE,FALSE,0,8 weeks,FALSE,4,27.4 kWh,30%,5.90%,21 mins,FALSE,TRUE,FALSE,4 weeks,KC1000188,1
28,Male,Auckland,Basic,ApplePay,Android,0,Last3Months,3,FALSE,FALSE,1,1 weeks,FALSE,4,12.7 kWh,28%,2.90%,14 mins,TRUE,TRUE,FALSE,1 weeks,KC1000189,1
42,Male,Auckland,Basic,CreditCard,Android,1,NotLast3Months,NoResponse,TRUE,TRUE,2,8 weeks,TRUE,2,18.6 kWh,37%,2.80%,30 mins,FALSE,TRUE,FALSE,8 weeks,KC1000190,0
34,Male,Canterbury,Basic,GooglePay,Other,3,Last3Months,NoResponse,FALSE,TRUE,1,5 weeks,FALSE,6,17.4 kWh,45%,5.80%,24 mins,FALSE,FALSE,FALSE,5 weeks,KC1000191,1
28,Male,Auckland,Basic,CreditCard,iOS,4,NotLast3Months,NoResponse,FALSE,TRUE,2,6 weeks,FALSE,2,16.8 kWh,46%,0%,16 mins,FALSE,FALSE,FALSE,6 weeks,KC1000192,1
47,Female,Auckland,Plus,CreditCard,iOS,4,NotLast3Months,NoResponse,FALSE,FALSE,1,5 weeks,FALSE,2,23.9 kWh,37%,1.40%,18 mins,FALSE,FALSE,FALSE,5 weeks,KC1000193,1
47,Male,Auckland,Basic,DebitCard,iOS,1,NotLast3Months,NoResponse,TRUE,TRUE,0,3 weeks,FALSE,7,17.4 kWh,50%,7.80%,45 mins,FALSE,FALSE,FALSE,3 weeks,KC1000194,1
54,Prefer Not to Answer / Other / Unknown,HawkesBay,Basic,ApplePay,iOS,1,NotLast3Months,3,FALSE,FALSE,0,11 weeks,FALSE,3,20.8 kWh,28%,2.70%,17 mins,FALSE,FALSE,FALSE,9 weeks,KC1000195,0
24,Male,Canterbury,Basic,DebitCard,iOS,3,NotLast3Months,4,FALSE,FALSE,5,12 weeks,FALSE,5,14.6 kWh,46%,2.30%,21 mins,FALSE,FALSE,FALSE,9 weeks,KC1000196,0
47,Female,Otago,Plus,GooglePay,Android,4,NotLast3Months,NoResponse,FALSE,FALSE,1,2 weeks,FALSE,1,16.8 kWh,42%,12.30%,36 mins,FALSE,FALSE,FALSE,2 weeks,KC1000197,1
57,Female,HawkesBay,Plus,GooglePay,Android,2,NotLast3Months,4,FALSE,FALSE,1,8 weeks,TRUE,1,20.2 kWh,32%,5.80%,21 mins,FALSE,FALSE,FALSE,6 weeks,KC1000198,1
26,Male,Auckland,Basic,DebitCard,iOS,1,Last3Months,NoResponse,TRUE,TRUE,0,2 weeks,FALSE,4,8.9 kWh,63%,6.50%,34 mins,FALSE,FALSE,FALSE,2 weeks,KC1000199,1
31,Male,Auckland,Plus,CreditCard,iOS,0,Last3Months,NoResponse,FALSE,FALSE,1,1 weeks,FALSE,5,23.6 kWh,51%,0.40%,22 mins,FALSE,FALSE,FALSE,1 weeks,KC1000200,1
